{
    "AAPL": 21.80915586547439,
    "MSFT": 5.562685505074973,
    "AMZN": -6.260823141122703,
    "NVDA": 42.84263829396988,
    "GOOGL": 7.278156741948834,
    "TSLA": -5.898811001943505,
    "GOOG": 1.7147666542752837,
    "META": 1.347336737582042,
    "BRK-B": 0.0,
    "XOM": 1.039098565114828,
    "UNH": 7.708035428333542,
    "JNJ": 5.677197855168889,
    "JPM": -14.965748339962936,
    "AVGO": 31.360579754752195,
    "V": 4.9715845753702705,
    "LLY": 4.78798514029336,
    "PG": -4.499008339103344,
    "MA": 19.68868062288294,
    "HD": 5.8872974352797325,
    "CVX": -8.0,
    "MRK": 3.3869837448511495,
    "PEP": 16.977359720206948,
    "ABBV": -8.132501299341593,
    "KO": 5.613197223569356,
    "COST": 15.896016391758181,
    "PFE": -1.9003035144026974,
    "WMT": 7.640806505479966,
    "ADBE": -10.65136294524362,
    "MCD": 13.709203036223455,
    "CRM": -12.86898067929171,
    "CSCO": 15.961922361838297,
    "AMD": 31.431329949590985,
    "TMO": 3.7553189652341743,
    "BAC": -2.63595953665002,
    "ACN": 15.66011156203792,
    "NFLX": 11.44105933419965,
    "ORCL": 13.652578732566681,
    "LIN": 9.66156574307639,
    "ABT": 8.19089412741242,
    "CMCSA": -1.0718923043910902,
    "DIS": 0.17640192322894377,
    "TXN": -14.707770876088235,
    "WFC": 1.1541017640109583,
    "DHR": -3.5564782575257388,
    "VZ": -12.066500120563642,
    "INTC": -9.849771404282368,
    "NEE": -13.830063628202662,
    "PM": 2.8106109267456567,
    "RTX": -10.436246789717506,
    "NKE": 18.916023082839587,
    "QCOM": 18.69459534120232,
    "BMY": 1.2083680660987612,
    "HON": 9.179379848382327,
    "LOW": 8.7898080516077,
    "SPGI": 12.9823349483182,
    "UPS": -6.538832244809941,
    "CAT": -8.619554470999654,
    "COP": 6.748262712619021,
    "INTU": 19.30679957795648,
    "IBM": 4.878439009235262,
    "UNP": -5.628532346455261,
    "BA": -8.785841917282859,
    "AMAT": -14.380831691372126,
    "AMGN": -7.979922487901483,
    "MDT": -15.275523407479634,
    "SBUX": 4.810152448053728,
    "NOW": 26.05054236980749,
    "MS": 9.243895525418134,
    "GS": -0.7779976916616391,
    "GE": -2.9000154909414224,
    "ISRG": 9.718888813656806,
    "T": 2.1610102728151883,
    "PLD": 3.928619002729473,
    "DE": -8.0,
    "ELV": 6.945811668607648,
    "BLK": -9.264687791078293,
    "AXP": 2.3127259823595985,
    "LMT": 14.725343125219766,
    "BKNG": -16.425275758105386,
    "MDLZ": 3.8674301001673723,
    "SYK": 10.774586627597493,
    "ADI": 0.33727669484267975,
    "GILD": -1.7680689974262167,
    "C": 3.006268505431195,
    "TJX": 22.736479062336056,
    "ADP": 2.3985624604394244,
    "AMT": 8.68727108258206,
    "MMC": 3.6550459090879244,
    "VRTX": -4.916551134075749,
    "CVS": 8.420869924008908,
    "LRCX": 7.198104079748784,
    "SCHW": -4.0,
    "REGN": -3.8945355687740726,
    "CI": -5.805482317650881,
    "MO": 1.3869185743278494,
    "CB": -3.3298001296730373,
    "ZTS": -10.747693132625857,
    "ETN": 9.523987408987296,
    "SO": 6.007772278438178,
    "BSX": 8.096728149474309,
    "FI": 15.676455054539746,
    "TMUS": 30.68394538060204,
    "MU": -11.769745082470916,
    "PGR": -8.617706558209962,
    "PYPL": 13.941496688928037,
    "BDX": 1.242732764023641,
    "EQIX": 13.160892998612539,
    "DUK": -5.949036867849621,
    "CSX": 6.675464604269447,
    "SNPS": 12.930225210130498,
    "ITW": 9.01177628837567,
    "SLB": -4.0,
    "KLAC": 22.704423480480614,
    "AON": -12.0,
    "CME": 3.1523740724367126,
    "EOG": 2.290377809141951,
    "CDNS": 0.0,
    "NOC": -5.141452923894069,
    "APD": 5.866118155219477,
    "CL": -12.0,
    "ICE": 7.804259348648412,
    "TGT": -24.383586460364825,
    "WM": -3.160727212801691,
    "HCA": -5.470755682694598,
    "SHW": 4.529714507275615,
    "ATVI": -6.828275544218903,
    "FCX": -3.5721270525223634,
    "CMG": 35.711201782620506,
    "HUM": 9.949140912399852,
    "ORLY": 4.856983953423272,
    "MMM": -15.4441390965881,
    "EW": -14.866044101604617,
    "F": 8.851585987243492,
    "MCK": 5.348804090850994,
    "MCO": 8.352100591597688,
    "FDX": 9.871402460978922,
    "GM": -5.714669365180825,
    "PNC": -3.883769430408942,
    "MPC": 3.694202005304657,
    "NXPI": 0.0,
    "NSC": -2.102815451532887,
    "CCI": -10.127097038940104,
    "EMR": -11.022217497108967,
    "DXCM": 35.714667034804805,
    "MAR": 12.458075760328885,
    "ROP": 20.093833741434814,
    "APH": 12.021700877181514,
    "PXD": -2.587295018983973,
    "GD": 0.08137117708175268,
    "GIS": 22.781159956858225,
    "MCHP": 17.577920141923464,
    "PH": 13.4974100411717,
    "MSI": 15.529101544650846,
    "FTNT": 4.908310326093245,
    "SRE": -2.282834201258118,
    "ADSK": -2.532988051684928,
    "KMB": -4.443816158935083,
    "AZO": 8.843346789777897,
    "PSA": -0.7328046060452307,
    "USB": -4.556405211137168,
    "PSX": -13.058723004147978,
    "ECL": 5.2943107555875795,
    "EL": -13.008953057348021,
    "AJG": 11.630307256138963,
    "MNST": 13.930881109116834,
    "JCI": 5.242431771387116,
    "D": -6.169925502676853,
    "BIIB": -11.01217814238071,
    "VLO": 3.777436677872613,
    "COF": -3.493595357427118,
    "AEP": 11.655908332744307,
    "OXY": -9.621491898098139,
    "TDG": 28.31486077343573,
    "TFC": -5.35413418261524,
    "CTAS": 16.28391354374488,
    "TEL": 4.926115732809453,
    "ANET": 0.0,
    "TT": 1.9699092204323403,
    "MRNA": 17.546583044089466,
    "AIG": 11.685475801102177,
    "CTVA": 15.09872482726508,
    "PCAR": 5.166048031132513,
    "ADM": 1.3922230382264529,
    "TRV": 9.67514536204298,
    "STZ": -8.469093737958294,
    "ON": 0.0,
    "EXC": -3.1298083454127754,
    "IQV": -10.130877254372741,
    "MSCI": 18.060404082966098,
    "IDXX": -15.045860458880341,
    "CARR": 9.346679079426842,
    "AFL": 2.3574553017175703,
    "WELL": 10.945531471201546,
    "YUM": 3.1290987809059265,
    "O": -1.364613816771723,
    "HSY": 16.408016281326987,
    "HLT": -0.9075432506030527,
    "NUE": 9.053033405396954,
    "HES": 5.379947784714712,
    "DOW": 2.219165736679007,
    "CPRT": -6.4102727713916305,
    "SYY": -8.225233864180014,
    "WMB": -0.6825899685957969,
    "ROST": -10.457783965350016,
    "OTIS": 11.2721822283366,
    "LHX": 8.666270404236089,
    "SPG": -4.0,
    "DG": 8.980364632387285,
    "ROK": 10.472729521049288,
    "PAYX": 12.164935509256637,
    "CNC": 15.839666754820495,
    "DHI": 17.93413486803269,
    "MET": -0.18510424792943614,
    "CHTR": -16.0,
    "A": -5.147965556133106,
    "AME": 8.510508795350063,
    "VRSK": 13.286437227619432,
    "XEL": 13.704774536431458,
    "CSGP": 15.614441902854438,
    "AMP": 14.971297268546031,
    "NEM": -13.443982938809626,
    "KMI": -8.883427217629386,
    "EA": 4.1245397131124815,
    "CMI": -3.124373801742969,
    "PPG": 6.5763882884840745,
    "GWW": 12.606001776180069,
    "ED": 11.693469873004618,
    "VICI": 4.362715071676275,
    "CTSH": -5.442910126654634,
    "FIS": 0.5197454975586844,
    "BK": 5.795980178608988,
    "ILMN": -19.11674838964606,
    "DD": 31.33293168563958,
    "DVN": -8.832248414027045,
    "RMD": -13.784223675785407,
    "FAST": -12.924296230962504,
    "PRU": 2.23738516014893,
    "DFS": -6.270208006478734,
    "PEG": 1.4231310347617887,
    "KR": 24.58148553986712,
    "CEG": 2.5097753864883146,
    "WBD": -15.15693830221976,
    "DLR": -2.4680083949555294,
    "BKR": -3.0663616348209892,
    "ZBH": -1.4016120095053948,
    "ALL": -8.216355397714892,
    "KEYS": 12.257697320140412,
    "RSG": 14.275784272142888,
    "MTD": -4.052904051923335,
    "ANSS": 3.5902111640074095,
    "LEN": 10.398738893146625,
    "KHC": 10.013115372784018,
    "HAL": 3.928798109044747,
    "ODFL": 13.122403682482084,
    "ABC": -2.622135042302858,
    "DLTR": 14.111218872750943,