{
    "AAPL": 23.11769360775336,
    "MSFT": 6.307713159119841,
    "AMZN": -14.575336047388744,
    "NVDA": 46.278785882068284,
    "GOOGL": 0.7412171474400848,
    "TSLA": -3.553091815827873,
    "GOOG": -4.87724037037507,
    "META": -27.20144374295387,
    "BRK.B": 0.0,
    "XOM": 1.039098565114828,
    "UNH": 7.708035428333542,
    "JNJ": 5.677197855168889,
    "JPM": -6.156848830044282,
    "AVGO": 31.360579754752195,
    "V": 9.44053181386892,
    "LLY": 7.782981074223354,
    "PG": 1.15142376569653,
    "MA": 19.68868062288294,
    "HD": 6.20589821655865,
    "CVX": 0.0,
    "MRK": 5.332072119397692,
    "PEP": 16.977359720206948
}