{
    "AAPL": 23.11769360775336,
    "MSFT": 6.307713159119841,
    "AMZN": -14.575336047388744,
    "NVDA": 46.278785882068284,
    "GOOGL": 0.7412171474400848,
    "TSLA": -3.553091815827873,
    "GOOG": -4.87724037037507,
    "META": -27.20144374295387,
    "BRK-B": 0.0,
    "XOM": -2.122222688030047,
    "UNH": 0.03905143217271338,
    "JNJ": 8.434033718400281,
    "JPM": -0.8516642267423575,
    "AVGO": 0.0,
    "V": -1.9617460418453678,
    "LLY": 10.520072327440598,
    "PG": 2.9612525772002805,
    "MA": 0.0,
    "HD": 10.099390470215752,
    "CVX": 0.0,
    "MRK": 0.0,
    "PEP": 17.356804625999388,
    "ABBV": 2.664229121521442,
    "KO": 9.735945807494108,
    "COST": 0.0,
    "PFE": -3.1952148898284585,
    "WMT": -10.81494106815565,
    "ADBE": 1.084626495326884,
    "MCD": 5.291561376338462,
    "CRM": -22.812701474933245,
    "CSCO": 9.35510766774103,
    "AMD": 41.450727060908925,
    "TMO": 5.012750643063246,
    "BAC": -9.311295921813345,
    "ACN": 0.0,
    "NFLX": -12.426257846532948,
    "ORCL": 0.0,
    "LIN": 3.007502450972052,
    "ABT": 2.3925328985984713,
    "CMCSA": 0.0,
    "DIS": -14.92772787500262,
    "TXN": -11.175278320832943,
    "WFC": 2.428867101963956,
    "DHR": -13.036805464043976,
    "VZ": 4.47574554560128,
    "INTC": -6.41176560345818,
    "NEE": -22.525745328220058,
    "PM": -1.6589232981462159,
    "RTX": 0.6085319965825977,
    "NKE": 13.065931416996998,
    "QCOM": 14.153841484236699,
    "BMY": 3.247284538639155,
    "HON": 0.0,
    "LOW": 11.693911151621107,
    "SPGI": -2.297816468390181,
    "UPS": -5.02433492727666,
    "CAT": -12.105975382541224,
    "COP": -0.6867943084844832,
    "INTU": 12.747694937216874,
    "IBM": -0.049515194192908396,
    "UNP": -4.116503571252219,
    "BA": -14.809517939367552,
    "AMAT": -4.641011444746793,
    "AMGN": -8.6553853904321,
    "MDT": 2.785524961717418,
    "SBUX": -6.3890085083040935,
    "NOW": 46.86069707181775,
    "MS": 6.572495563605333,
    "GS": -0.8278984251586994,
    "GE": -7.704098852292548,
    "ISRG": 26.67300840855008,
    "T": -0.6728977320981429,
    "PLD": 4.701977452448073,
    "DE": 8.84868723018184,
    "ELV": 1.448281121866305,
    "BLK": 4.859679489459612,
    "AXP": 8.160826664833525,
    "LMT": 4.585816875404213,
    "BKNG": 1.1614917724708191,
    "MDLZ": 5.378757742122301,
    "SYK": 24.038622059042144,
    "ADI": -8.34273416651394,
    "GILD": 3.8758413295833236,
    "C": -2.1500675174049393,
    "TJX": 17.6417160602475,
    "ADP": 2.429532010268427,
    "AMT": -4.102019652409778,
    "MMC": 0.0,
    "VRTX": 7.404640974648429,
    "CVS": 12.43948591353283,
    "LRCX": 21.99060952105475,
    "SCHW": -7.737452688660293,
    "REGN": 1.0536808556065722,
    "CI": 0.0,
    "MO": 0.0,
    "CB": -1.0389195624053458,
    "ZTS": 4.9034214961411555,
    "ETN": 13.923915233418878,
    "SO": 0.0,
    "BSX": 12.176775278650545,
    "FI": 7.251882240291826,
    "TMUS": 21.634077112434042,
    "MU": -6.616380947115152,
    "PGR": 4.020788314467629,
    "PYPL": 6.251879468366454,
    "BDX": 0.0,
    "EQIX": 14.565961306715018,
    "DUK": -1.587461749849823,
    "CSX": 5.236098090366584,
    "SNPS": 15.938102451445712,
    "ITW": 0.5313427632642362,
    "SLB": 0.0,
    "KLAC": 22.506023543771573,
    "AON": 0.0,
    "CME": 3.131848190767546,
    "EOG": -3.7323561191771897,
    "CDNS": 0.0,
    "NOC": 0.0,
    "APD": -6.438189202178707,
    "CL": 0.0,
    "ICE": 0.0,
    "TGT": -53.979813840342686,
    "WM": 5.152153233079743,
    "HCA": 13.398882391709787,
    "SHW": 16.46219947320318,
    "ATVI": -16.962143819014745,
    "FCX": -8.542984292404023,
    "CMG": 42.06958484355418,
    "HUM": 6.792377540775339,
    "ORLY": -0.5102156791327284,
    "MMM": -4.378939877305958,
    "EW": 1.1760864629051184,
    "F": 20.92384525258826,
    "MCK": 3.6805887002221,
    "MCO": 18.395186211357416,
    "FDX": -4.629995598855019,
    "GM": 7.44191745214624,
    "PNC": -7.403304366531844,
    "MPC": -13.166596181686796,
    "NXPI": 0.0,
    "NSC": 0.7395694300316906,
    "CCI": -13.969852144864415,
    "EMR": -7.549409681362986,
    "DXCM": 0.0,
    "MAR": 10.411637341382033,
    "ROP": 16.972099836797486,
    "APH": 22.003181357832307,
    "PXD": 1.574976458194628,
    "GD": 4.112657976164994,
    "GIS": 20.15546304063198,
    "MCHP": 8.508989872720889,
    "PH": 0.0,
    "MSI": -8.62557614209348,
    "FTNT": -23.903222815907842,
    "SRE": -3.996644012304763,
    "ADSK": -10.199005806526955,
    "KMB": 2.5989499370563536,
    "AZO": 12.45313187469933,
    "PSA": -0.49641541357561525,
    "USB": -11.45368119511794,
    "PSX": -8.502629676300199,
    "ECL": 9.448291281374155,
    "EL": -17.896667917376135,
    "AJG": 0.0,
    "MNST": -0.16614363707226606,
    "JCI": -20.665295748494117,
    "D": -3.3441519636712007,
    "BIIB": -12.84668202545414,
    "VLO": 13.787028563453394,
    "COF": -10.889276530435353,
    "AEP": 2.2194559534203377,
    "OXY": -16.94830073331635,
    "TDG": 12.153468652461397,
    "TFC": -7.415944671539279,
    "CTAS": 13.999304324077972,
    "TEL": 6.6954707970458855,
    "ANET": 0.0,
    "TT": 0.700771000571395,
    "MRNA": 7.902376366735933,
    "AIG": 6.279161966807187,
    "CTVA": 9.35565444457533,
    "PCAR": 16.771146977697107,
    "ADM": 16.093474267777527,
    "TRV": 10.748504370215228,
    "STZ": 3.2882155964473285,
    "ON": 0.0,
    "EXC": 2.7096001003375436,
    "IQV": 5.694422631599377,
    "MSCI": 13.612271178231858,
    "IDXX": -19.734443615062773,
    "CARR": -0.6584133856546428,
    "AFL": -0.5197046749812233,
    "WELL": 3.1102644848231145,
    "YUM": -4.270587444735871,
    "O": 1.4816312506357554,
    "HSY": 0.0,
    "HLT": -0.6889053744037825,
    "NUE": 0.0,
    "HES": 11.47508170821054,
    "DOW": -3.412167197101739,
    "CPRT": 3.420369964579097,
    "SYY": 1.3304783195990728,
    "WMB": 3.003416692933397,
    "ROST": 0.08114313809135547,
    "OTIS": 14.825703582180331,
    "LHX": 2.3412297483383653,
    "SPG": -4.969600401630589,
    "DG": 0.0,
    "ROK": 8.11259060547063,
    "PAYX": 6.015752327042515,
    "CNC": 14.089247232892976,
    "DHI": 13.159596822246364,
    "MET": 1.5789882235929396,
    "CHTR": 0.0,
    "A": -1.4975851838800374,
    "AME": 5.510194686588034,
    "VRSK": 19.15928081420159,
    "XEL": 0.0,
    "CSGP": 31.89256776679924,
    "AMP": 19.893867071128287,
    "NEM": 0.0,
    "KMI": -11.223894648087954,
    "EA": -3.5677161595813893,
    "CMI": -4.63882683309152,
    "PPG": -1.8058228042950983,
    "GWW": 0.0,
    "ED": 0.0,
    "VICI": -1.0904918906829755,
    "CTSH": -10.81395224219523,
    "FIS": -16.214299401980128,
    "BK": 5.437685403652802,
    "ILMN": -16.926372494375233,
    "DD": 25.11490678591029,
    "DVN": -1.2599059621947104,
    "RMD": 0.0,
    "FAST": -0.6128613645072161,
    "PRU": -9.522518822341045,
    "DFS": -13.415196314034015,
    "PEG": -0.20439148333459123,
    "KR": 0.0,
    "CEG": 1.754010042404746,
    "WBD": -14.651161016419875,
    "DLR": 1.9927672148101934,
    "BKR": -23.63834192766162,
    "ZBH": -10.874201758656008,
    "ALL": 3.917596464695573,
    "KEYS": 13.354734986392197,
    "RSG": 5.686373593471692,
    "MTD": 0.0,
    "ANSS": 15.692546065343516,
    "LEN": 13.87861540007933,
    "KHC": 11.107899143233805,
    "HAL": -6.530481461376496,
    "ODFL": 16.937969698201012,
    "ABC": 1.0576569518372585,
    "DLTR": 2.691285037682796,
    "WEC": 1.154832699424257,
    "GEHC": -7.142048305129892,
    "AWK": -3.7523613087905727,
    "URI": 42.39129718649139,
    "EFX": -26.53467435692951,
    "IT": 10.0310101257219,
    "PCG": 0.0,
    "VMC": -2.5699975999815003,
    "APTV": 0.0,
    "DAL": -12.145979361348136,
    "OKE": -3.355579128913218,
    "KDP": 0.0,
    "HPQ": -12.629979448050145,