{
    "AAPL": 15.789690574604029,
    "MSFT": 7.562685505074973,
    "AMZN": -16.334389472674296,
    "NVDA": 37.27695065061356,
    "GOOGL": 1.9467831873308992,
    "TSLA": -2.78277682961796,
    "GOOG": -3.0218013277066182,
    "META": -6.05902478878653,
    "BRK.B": 0.0,
    "XOM": -6.0,
    "UNH": 3.5121001220098673,
    "JNJ": -0.6424337467127634,
    "JPM": -9.15684883004428,
    "AVGO": 18.645171681528836,
    "V": 12.953010497055287,
    "LLY": -11.723131476230419,
    "PG": -5.211049542617957,
    "MA": -10.476567756571974,
    "HD": -9.09166275297671,
    "CVX": -3.0,
    "MRK": -18.52069646596523,
    "PEP": 16.977359720206948,
    "ABBV": -13.455872353787644,
    "KO": 5.613197223569356,
    "COST": 2.1177187396032218,
    "PFE": -15.299316087472654,
    "WMT": -0.6992719447856144,
    "ADBE": -8.320953265340176,
    "MCD": 7.310365429519193,
    "CRM": -11.86898067929171,
    "CSCO": 12.233868985993688,
    "AMD": 5.25234609971189,
    "TMO": 2.012750643063245,
    "BAC": -16.547583825206733,
    "ACN": -6.0,
    "NFLX": -8.591596497613066,
    "ORCL": -9.0,
    "LIN": -12.0,
    "ABT": -4.085414747284891,
    "CMCSA": -21.0,
    "DIS": 2.335441318274232,
    "TXN": -12.28941161939779,
    "WFC": -9.0,
    "DHR": -18.015139525979897,
    "VZ": 0.20295488834384712,
    "INTC": -21.0,
    "NEE": -16.002999291933016,
    "PM": -4.658923298146216,
    "RTX": -10.867403396910964,
    "NKE": 1.2556968735401046,
    "QCOM": 8.851483958087856,
    "BMY": -5.956438850569504,
    "HON": -3.0,
    "LOW": -14.204887796650517,
    "SPGI": 13.9823349483182,
    "UPS": -32.36108792892435,
    "CAT": -8.364047132576452,
    "COP": -2.0316945649866125,
    "INTU": 21.58479345999156,
    "IBM": 0.8784390092352616,
    "UNP": -4.392102723139745,
    "BA": -10.51497286481679,
    "AMAT": -24.365140359848642,
    "AMGN": -4.979922487901483,
    "MDT": -17.558977055077698,
    "SBUX": 4.705594275099479,
    "NOW": 7.654525454768266,
    "MS": -4.117842746581877,
    "GS": -0.7779976916616391,
    "GE": -14.446127361744244,
    "ISRG": 13.718888813656806,
    "T": -29.150018495448826,
    "PLD": 4.725974280465025,
    "DE": -6.0,
    "ELV": -15.035818117290312,
    "BLK": -2.3558599581815494,
    "AXP": -12.0,
    "LMT": -19.91812756955214,
    "BKNG": -11.801267459867027,
    "MDLZ": 4.088273550724798,
    "SYK": 3.8463786731606584,
    "ADI": -10.900380610171077,
    "GILD": 2.480359541756795,
    "C": -5.993731494568805,
    "TJX": 2.4546042740373055,
    "ADP": -16.670792681273564,
    "AMT": -6.1206506407042935,
    "MMC": 4.285606364732413,
    "VRTX": 1.7395573319061248,
    "CVS": -16.012525780455885,
    "LRCX": -2.2999390845353958,
    "SCHW": -9.0,
    "REGN": -13.156483386417085,
    "CI": -10.566028789525308,
    "MO": -13.689728880727582,
    "CB": -4.068948978915856,
    "ZTS": -9.471566468870698,
    "ETN": -5.4327946608666755,
    "SO": -4.8246910812930555,
    "BSX": 3.730308956961789,
    "FI": -15.28386214063948,
    "TMUS": 27.637819752648532,
    "MU": -10.492757138900954,
    "PGR": -18.34768301643269,
    "PYPL": -6.621361629433369,
    "BDX": -18.69950124176793,
    "EQIX": 16.16089299861254,
    "DUK": -6.685928404321967,
    "CSX": 11.31443609521422,
    "SNPS": 11.63191474359327,
    "ITW": -4.465935686758524,
    "SLB": -6.0,
    "KLAC": 11.078624995338044,
    "AON": -12.0,
    "CME": -9.655419248186442,
    "EOG": 3.68456849508709,
    "CDNS": -6.0,
    "NOC": -27.4903271551794,
    "APD": -21.664923377025325,
    "CL": -6.0,
    "ICE": -9.592586447282216,
    "TGT": -24.97407863137456,
    "WM": -3.250396934215314,
    "HCA": -15.0,
    "SHW": -2.4508755858853397,
    "ATVI": -3.326590504533792,
    "FCX": -21.0,
    "CMG": 37.742101157028884,
    "HUM": 6.408242326586274,
    "ORLY": 0.16903913603891318,
    "MMM": -19.3211408769141,
    "EW": -8.866044101604617,
    "F": -7.1161776621796005,
    "MCK": 3.3488040908509946,
    "MCO": -2.346350320035744,
    "FDX": -4.111894633942924,
    "GM": -17.591206492831525,
    "PNC": -11.883769430408941,
    "MPC": -22.33942939743397,
    "NXPI": -6.0,
    "NSC": -7.527511423648048,
    "CCI": -6.127097038940104,
    "EMR": -17.830966881362947,
    "DXCM": 36.78967612867684,
    "MAR": -12.894090866770107,
    "ROP": 4.32306553769429,
    "APH": 0.9907978647984839,
    "PXD": -10.431411768567848,
    "GD": 1.7988114423404291,
    "GIS": 5.169993246525917,
    "MCHP": 9.068824309856993,
    "PH": 15.4974100411717,
    "MSI": 17.529101544650846,
    "FTNT": -9.785990453354511,
    "SRE": -10.569672377952243,
    "ADSK": -13.85524520396115,
    "KMB": -17.41002310945641,
    "AZO": -17.609025353715058,
    "PSA": -12.230068718920442,
    "USB": -17.001300944612407,
    "PSX": -12.0,
    "ECL": -19.250356431864105,
    "EL": -27.111254284077326,
    "AJG": 8.354998121573141,
    "MNST": 10.456041715945116,
    "JCI": -10.489315192952846,
    "D": -1.1699255026768531
}