{
    "AAPL": 23.11769360775336,
    "MSFT": 4.750581784309426,
    "AMZN": -15.921411272199007,
    "NVDA": 45.78208988919485,
    "GOOGL": 0.14464729416156263,
    "TSLA": -0.3990775091001435,
    "GOOG": -4.962312304665513,
    "META": 2.0552316376680846,
    "BRK.B": 0.0,
    "XOM": 1.039098565114828,
    "UNH": 7.708035428333542,
    "JNJ": 5.677197855168889,
    "JPM": -6.156848830044282,
    "AVGO": 31.360579754752195,
    "V": 9.44053181386892,
    "LLY": 7.782981074223354,
    "PG": 1.15142376569653,
    "MA": 19.68868062288294,
    "HD": 6.20589821655865,
    "CVX": 0.0,
    "MRK": 5.332072119397692,
    "PEP": 16.977359720206948,
    "ABBV": 1.2667522648540084,
    "KO": 5.613197223569356,
    "COST": 14.487045448166093,
    "PFE": 0.057737712910943984,
    "WMT": 3.640806505479965,
    "ADBE": -36.04808059860049,
    "MCD": 13.709203036223455,
    "CRM": -28.86898067929171,
    "CSCO": 7.9619223618382975,
    "AMD": 27.431329949590985,
    "TMO": 7.6105139296485795,
    "BAC": 2.779999410853392,
    "ACN": 19.660111562037923,
    "NFLX": 5.0519491528929015,
    "ORCL": 17.65257873256668,
    "LIN": 9.66156574307639,
    "ABT": 2.8843557772060713,
    "CMCSA": -8.43758264154248,
    "DIS": -10.953244006406187,
    "TXN": -16.692343785533556,
    "WFC": 1.1541017640109583,
    "DHR": -8.48799180238315,
    "VZ": 0.27036041522557985,
    "INTC": -27.59403526437748,
    "NEE": -33.66029922759803,
    "PM": 5.7068589575519155,
    "RTX": -5.111889446802395,
    "NKE": 13.929992860668367,
    "QCOM": 13.8629827250689,
    "BMY": 5.208368066098761,
    "HON": 7.49680582257219,
    "LOW": 9.609888344468242,
    "SPGI": 16.165608404655682,
    "UPS": -14.759366557009752,
    "CAT": 4.26252662221904,
    "COP": 2.6004321378164033,
    "INTU": 11.584793459991559,
    "IBM": -0.0971834881870075,
    "UNP": -8.324402241754582,
    "BA": -11.835969882256299,
    "AMAT": -17.560561813510194,
    "AMGN": -7.524785110328632,
    "MDT": -18.451192081401246,
    "SBUX": -4.363040499053319,
    "NOW": 40.40736533650075,
    "MS": 13.243895525418136,
    "GS": -0.7779976916616391,
    "GE": -15.650100775395403,
    "ISRG": -3.039292637656848,
    "T": -12.420319130198465,
    "PLD": 4.725974280465025,
    "DE": 0.0,
    "ELV": 5.22116363652585,
    "BLK": -8.354023190246007,
    "AXP": 9.603421229045518,
    "LMT": 6.664124048768823,
    "BKNG": -8.037238753170762,
    "MDLZ": 7.56721309417666,
    "SYK": 14.826953052188276,
    "ADI": -4.903412960083813,
    "GILD": 6.169474899279115,
    "C": 3.006268505431195,
    "TJX": 25.87824525606211,
    "ADP": 1.3393642980583476,
    "AMT": 8.68727108258206,
    "MMC": 5.232970761335286,
    "VRTX": -3.2689093961176314,
    "CVS": 5.290616481836844,
    "LRCX": 14.12564768824603,
    "SCHW": -8.587852859506098,
    "REGN": -4.242106937889053,
    "CI": -11.147847125952083,
    "MO": -1.7499222459846506,
    "CB": -4.916567269773649,
    "ZTS": -4.082343612596691,
    "ETN": 13.523987408987296,
    "SO": 6.007772278438178,
    "BSX": 10.050752541087096,
    "FI": 14.701494673157852,
    "TMUS": 30.68394538060204,
    "MU": -11.17553156006478,
    "PGR": -14.223323903580015,
    "PYPL": -13.193730355974376,
    "BDX": 0.8128603028332204,
    "EQIX": 13.73747204959757,
    "DUK": -6.685928404321967,
    "CSX": 8.684785770304476,
    "SNPS": 18.99835562092875,
    "ITW": 7.474979272173206,
    "SLB": 0.0,
    "KLAC": 19.039154961478772,
    "AON": 0.0,
    "CME": 5.061887011707211,
    "EOG": 12.00190581165085,
    "CDNS": -8.0,
    "NOC": -5.131568446559129,
    "APD": 1.7934949822138444,
    "CL": 0.0,
    "ICE": 2.6562500678157184,
    "TGT": -55.56920132435674,
    "WM": 0.4231451902115646,
    "HCA": 5.116744571618552,
    "SHW": 2.873227151728059,
    "ATVI": -8.326590504533792,
    "FCX": -4.027909765732814,
    "CMG": 36.834660123114034,
    "HUM": 11.629436859045294,
    "ORLY": 0.49230789748426096,
    "MMM": -11.69733889867083,
    "EW": -24.81988049532277,
    "F": 4.2397562635555515,
    "MCK": 6.078772088198114,
    "MCO": 8.352100591597688,
    "FDX": 8.206339425081142,
    "GM": -5.600166972910946,
    "PNC": -8.428719266375786,
    "MPC": -4.523777322215004,
    "NXPI": 0.0,
    "NSC": -2.8701004162921913,
    "CCI": -14.5499280088926,
    "EMR": -15.386770480229396,
    "DXCM": 30.741204902628752,
    "MAR": 13.061030742332786,
    "ROP": 20.093833741434814,
    "APH": 15.995520197555175,
    "PXD": -2.9165544944010233,
    "GD": 1.7988114423404291,
    "GIS": 25.677899140179136,
    "MCHP": 16.760673555964104,
    "PH": 9.709012677497865,
    "MSI": 13.08297941935346,
    "FTNT": 1.6428510843315127,
    "SRE": -1.7199256420348215,
    "ADSK": -22.53298805168493,
    "KMB": -1.222112245584784,
    "AZO": 6.014130826919549,
    "PSA": -8.732804606045232,
    "USB": -6.9995780257149525,
    "PSX": -12.980166764927672,
    "ECL": 9.098629355987082,
    "EL": -24.446013494409385,
    "AJG": 11.690747025938286,
    "MNST": 14.894930778990918,
    "JCI": 0.49896555511957086,
    "D": -4.452391456812548,
    "BIIB": -7.125624843508717,
    "VLO": 3.777436677872613,
    "COF": -8.784197883119075,
    "AEP": 11.655908332744307,
    "OXY": -15.700269301330113
}